Sample,Group,Cluster1,Cluster2,Cluster3
Mock 1,Mock,-0.159198595,0,-0.115477217
Mock 2,Mock,0.1627295,-0.152003093,-0.04508789
Mock 3,Mock,-0.021695071,0.137503524,0.147557188
WNV 1,WNV,2.1627295,0.070389328,-1.115477217
WNV 2,WNV,2.010726407,-0.074000581,-0.736965594
WNV 3,WNV,2.425763906,0.097610797,-1.437405312